{
  "project_info": {
    "project_number": "624854898555",
    "firebase_url": "https://acaiexperess.firebaseio.com",
    "project_id": "acaiexperess",
    "storage_bucket": "acaiexperess.appspot.com"
  },
  "client": [
    {
      "client_info": {
        "mobilesdk_app_id": "1:624854898555:android:f111decb2e278b5d060fde",
        "android_client_info": {
          "package_name": "com.exampl.gs.acaiexpress"
        }
      },
      "oauth_client": [
        {
          "client_id": "624854898555-a3n24g9kmob7nra7cch5a7sk4hjm3vjd.apps.googleusercontent.com",
          "client_type": 1,
          "android_info": {
            "package_name": "com.exampl.gs.acaiexpress",
            "certificate_hash": "0aea99247d07123a31992fb61b9889917e774a9b"
          }
        },
        {
          "client_id": "624854898555-gvkkpobq4s4mab3la6sarpif36tfrgoo.apps.googleusercontent.com",
          "client_type": 3
        }
      ],
      "api_key": [
        {
          "current_key": "AIzaSyAytVkK9tGwvxyIpNZQrQeg6qMnoyoQVR0"
        }
      ],
      "services": {
        "appinvite_service": {
          "other_platform_oauth_client": [
            {
              "client_id": "624854898555-gvkkpobq4s4mab3la6sarpif36tfrgoo.apps.googleusercontent.com",
              "client_type": 3
            }
          ]
        }
      }
    },
    {
      "client_info": {
        "mobilesdk_app_id": "1:624854898555:android:89fcc26ae44f8c52",
        "android_client_info": {
          "package_name": "com.example.gs.acaiexpress"
        }
      },
      "oauth_client": [
        {
          "client_id": "624854898555-s5a4no88tvg150858fh83429hucid8u0.apps.googleusercontent.com",
          "client_type": 1,
          "android_info": {
            "package_name": "com.example.gs.acaiexpress",
            "certificate_hash": "e5d45546024bb005d72be433ab535e1678336b25"
          }
        },
        {
          "client_id": "624854898555-ercm5id1vbh6q9knspi7lfs2bshu33m7.apps.googleusercontent.com",
          "client_type": 1,
          "android_info": {
            "package_name": "com.example.gs.acaiexpress",
            "certificate_hash": "5c16144396e42ac0b79cab8a4204270d30954979"
          }
        },
        {
          "client_id": "624854898555-qlkt4071o30cp8a9stscf532i8cle2qm.apps.googleusercontent.com",
          "client_type": 1,
          "android_info": {
            "package_name": "com.example.gs.acaiexpress",
            "certificate_hash": "0aea99247d07123a31992fb61b9889917e774a9b"
          }
        },
        {
          "client_id": "624854898555-gvkkpobq4s4mab3la6sarpif36tfrgoo.apps.googleusercontent.com",
          "client_type": 3
        }
      ],
      "api_key": [
        {
          "current_key": "AIzaSyAytVkK9tGwvxyIpNZQrQeg6qMnoyoQVR0"
        }
      ],
      "services": {
        "appinvite_service": {
          "other_platform_oauth_client": [
            {
              "client_id": "624854898555-gvkkpobq4s4mab3la6sarpif36tfrgoo.apps.googleusercontent.com",
              "client_type": 3
            }
          ]
        }
      }
    },
    {
      "client_info": {
        "mobilesdk_app_id": "1:624854898555:android:3f6be08f0039f86c060fde",
        "android_client_info": {
          "package_name": "com.example.gs.myapplication"
        }
      },
      "oauth_client": [
        {
          "client_id": "624854898555-tb5ajm8bg5adfmp8i99usno65ublc50o.apps.googleusercontent.com",
          "client_type": 1,
          "android_info": {
            "package_name": "com.example.gs.myapplication",
            "certificate_hash": "0aea99247d07123a31992fb61b9889917e774a9b"
          }
        },
        {
          "client_id": "624854898555-gvkkpobq4s4mab3la6sarpif36tfrgoo.apps.googleusercontent.com",
          "client_type": 3
        }
      ],
      "api_key": [
        {
          "current_key": "AIzaSyAytVkK9tGwvxyIpNZQrQeg6qMnoyoQVR0"
        }
      ],
      "services": {
        "appinvite_service": {
          "other_platform_oauth_client": [
            {
              "client_id": "624854898555-gvkkpobq4s4mab3la6sarpif36tfrgoo.apps.googleusercontent.com",
              "client_type": 3
            }
          ]
        }
      }
    }
  ],
  "configuration_version": "1"
}